"","x"
"1","SCYL3"
"2","CFH"
"3","NFYA"
"4","ENPP4"
"5","SEMA3F"
"6","KRIT1"
"7","RAD52"
"8","LAP3"
"9","M6PR"
"10","TFPI"
"11","RBM5"
"12","SLC7A2"
"13","PLXND1"
"14","SKAP2"
"15","DHX33"
"16","REXO5"
"17","SPPL2B"
"18","CREBBP"
"19","GCFC2"
"20","IBTK"
"21","PDK2"
"22","ITGA3"
"23","CRLF1"
"24","TNFRSF12A"
"25","MAP3K9"
"26","RALA"
"27","AGK"
"28","GGCT"
"29","DBF4"
"30","IFRD1"
"31","VPS41"
"32","ELAC2"
"33","PNPLA4"
"34","ADIPOR2"
"35","CDKL3"
"36","GAS7"
"37","TRAPPC6A"
"38","TSR3"
"39","PIGQ"
"40","DNAJC11"
"41","MYLIP"
"42","JARID2"
"43","CDKL5"
"44","CYB561"
"45","MPND"
"46","MGST1"
"47","ST3GAL1"
"48","IL32"
"49","MAPK8IP2"
"50","MED24"
"51","FAM76A"
"52","RANBP9"
"53","SPRTN"
"54","EEF1AKNMT"
"55","ZNF207"
"56","UQCRC1"
"57","CD9"
"58","NCAPD2"
"59","FUZ"
"60","SCMH1"
"61","APBA3"
"62","MKS1"
"63","ABHD5"
"64","ANOS1"
"65","PTBP1"
"66","LARS2"
"67","WIZ"
"68","PPP5C"
"69","PRICKLE3"
"70","ELOVL5"
"71","EHD3"
"72","MAN2B2"
"73","POLA2"
"74","MDH1"
"75","COX15"
"76","YAF2"
"77","BID"
"78","RGPD5"
"79","CHDH"
"80","CXorf56"
"81","ADGRA2"
"82","SERPINB1"
"83","SPAST"
"84","AQR"
"85","RTF2"
"86","ERP44"
"87","AKAP11"
"88","GLRX2"
"89","SNAPC1"
"90","STRAP"
"91","EHD2"
"92","PHF20"
"93","RNASET2"
"94","KCNG1"
"95","AGPAT4"
"96","PRKCH"
"97","ARNTL2"
"98","BCLAF1"
"99","IKZF2"
"100","IFT88"
"101","UBA6"
"102","GAB2"
"103","PIAS1"
"104","SLC4A7"
"105","APBA2"
"106","TMSB10"
"107","SH3YL1"
"108","AGA"
"109","MAT2B"
"110","TRIO"
"111","VCAN"
"112","MTREX"
"113","ZFYVE16"
"114","PHLPP2"
"115","STAU2"
"116","SLC66A1"
"117","CTNS"
"118","LSG1"
"119","PARP3"
"120","MED17"
"121","JADE2"
"122","ZIC2"
"123","TRIT1"
"124","CTNNA1"
"125","CNTLN"
"126","GEMIN8"
"127","YTHDC2"
"128","CTPS2"
"129","ARHGAP6"
"130","HDAC9"
"131","CC2D2A"
"132","CELF2"
"133","ADAMTS6"
"134","VAMP3"
"135","CLPTM1L"
"136","PPP1R3F"
"137","PTCD2"
"138","DKK3"
"139","NFE2L3"
"140","MCUR1"
"141","LIMA1"
"142","LETMD1"
"143","BCAR1"
"144","HERPUD1"
"145","RAD51"
"146","POLQ"
"147","THOC3"
"148","HEBP2"
"149","SIKE1"
"150","AKR7A2"
"151","USE1"
"152","LAMA3"
"153","ANAPC4"
"154","ARID4B"
"155","SDCCAG8"
"156","HHAT"
"157","TBC1D22A"
"158","SYNE2"
"159","PLEKHH1"
"160","ATP9A"
"161","CUL1"
"162","CYFIP2"
"163","TAB2"
"164","USP36"
"165","KMT2C"
"166","ZFR"
"167","DCBLD2"
"168","SOAT1"
"169","CROCC"
"170","POLR3E"
"171","RIOK2"
"172","NDC1"
"173","TARBP1"
"174","OGFR"
"175","SNRNP40"
"176","COL11A1"
"177","BCAT1"
"178","HDAC7"
"179","LZTS1"
"180","APPBP2"
"181","EIF4B"
"182","ISOC2"
"183","U2AF2"
"184","MED29"
"185","GPC1"
"186","ADCK1"
"187","RNF4"
"188","TM7SF3"
"189","SPA17"
"190","RFXANK"
"191","LPAR2"
"192","BTBD1"
"193","FAR2"
"194","TAF11"
"195","AP3D1"
"196","ZNF76"
"197","SLC9A3R2"
"198","UHRF1BP1"
"199","IPO5"
"200","PKN2"
"201","WDR18"
"202","DGKA"
"203","ANKRD44"
"204","KARS1"
"205","ADAT1"
"206","PACC1"
"207","GSTO2"
"208","FAM107B"
"209","MTHFD2"
"210","SLC9A7"
"211","SLC9A3"
"212","GOLGA5"
"213","TRMT11"
"214","MSANTD3"
"215","MYO9A"
"216","PFKP"
"217","TNFRSF1A"
"218","PKM"
"219","RRP15"
"220","PRKCZ"
"221","IARS2"
"222","IDH3G"
"223","CBFB"
"224","PDK3"
"225","HYAL2"
"226","HDAC4"
"227","FGFR3"
"228","IFI35"
"229","PLEKHH3"
"230","TBC1D25"
"231","GPKOW"
"232","TTC7A"
"233","SRBD1"
"234","RASGRP2"
"235","IFT80"
"236","ERLEC1"
"237","PPP2R5B"
"238","NUP133"
"239","NUCKS1"
"240","BCL3"
"241","KCNAB2"
"242","GAL"
"243","TGFBR3"
"244","PIGB"
"245","GNB5"
"246","HDHD5"
"247","UFD1"
"248","PHRF1"
"249","ELP1"
"250","PFN2"
"251","TMEM260"
"252","CLTCL1"
"253","FSTL3"
"254","POLB"
"255","NDST1"
"256","TESK2"
"257","EIF2B3"
"258","CDC42"
"259","OSBPL3"
"260","WDR1"
"261","SNX13"
"262","ARHGAP10"
"263","BUD23"
"264","SEL1L"
"265","ATP6AP1"
"266","FAM50A"
"267","CYBRD1"
"268","PDCD2"
"269","RDH11"
"270","ADGRL1"
"271","ACTN1"
"272","PTPN18"
"273","LIMS2"
"274","SPEG"
"275","TFRC"
"276","RHOBTB1"
"277","HMMR"
"278","TRHDE"
"279","P4HA2"
"280","NFATC3"
"281","STK10"
"282","EVC"
"283","TMEM38A"
"284","PVR"
"285","XRCC1"
"286","PANX2"
"287","NLE1"
"288","SDHA"
"289","ST6GAL1"
"290","NSF"
"291","NOTCH3"
"292","CLNS1A"
"293","EED"
"294","CA12"
"295","MGLL"
"296","NUAK1"
"297","SLC24A1"
"298","ENO1"
"299","TUBE1"
"300","ARHGEF10L"
"301","SEMA3A"
"302","TTC38"
"303","CELSR1"
"304","TIMM21"
"305","RASAL2"
"306","FOSL2"
"307","MOCOS"
"308","PLD1"
"309","DLG1"
"310","BCAP29"
"311","SEC31B"
"312","BAZ2A"
"313","ACACB"
"314","TRAF4"
"315","GPATCH1"
"316","ICAM3"
"317","MCAM"
"318","GPC4"
"319","TOP2B"
"320","IL4R"
"321","POLD3"
"322","CAPZB"
"323","SLC25A43"
"324","UBE2A"
"325","FGFR1"
"326","FBLN1"
"327","ARAF"
"328","MCCC1"
"329","ACER3"
"330","N4BP2"
"331","TULP3"
"332","PPP2R5C"
"333","GNB1"
"334","EDN1"
"335","MLLT10"
"336","ITM2A"
"337","SDF4"
"338","RUNX1T1"
"339","OSBPL6"
"340","LXN"
"341","SENP1"
"342","FDFT1"
"343","PGM1"
"344","RABL2B"
"345","KEAP1"
"346","RFX3"
"347","RAB21"
"348","PSEN1"
"349","CPOX"
"350","MOK"
"351","HSP90AA1"
"352","DLGAP4"
"353","RSBN1"
"354","CXCL2"
"355","AFP"
"356","ZNF506"
"357","HSPB11"
"358","PHLPP1"
"359","ATP8B1"
"360","C5orf22"
"361","FAM135A"
"362","DLG3"
"363","TRAF5"
"364","GEMIN5"
"365","ITGB5"
"366","BCKDHB"
"367","PLOD1"
"368","P2RX5"
"369","ITGAE"
"370","NUFIP1"
"371","RRAGB"
"372","CYLD"
"373","SLC27A5"
"374","ZNF586"
"375","ZNF446"
"376","FAT1"
"377","STARD7"
"378","NOA1"
"379","GSTP1"
"380","APLP2"
"381","NKAIN1"
"382","NCOA1"
"383","CAD"
"384","ATRX"
"385","AK6"
"386","PREP"
"387","HACE1"
"388","SLC25A24"
"389","MAP3K4"
"390","CTTN"
"391","ORC1"
"392","CHERP"
"393","POMGNT1"
"394","RAD54L"
"395","IPO11"
"396","ERO1B"
"397","ZW10"
"398","NOX4"
"399","ACOX3"
"400","TRIP6"
"401","BAX"
"402","ATXN7L3"
"403","PGS1"
"404","UIMC1"
"405","LPCAT2"
"406","SH3BP2"
"407","NOP14"
"408","L2HGDH"
"409","NID2"
"410","SF3B2"
"411","GNAS"
"412","RFX2"
"413","ALG6"
"414","KHSRP"
"415","DOCK9"
"416","TGDS"
"417","KIF9"
"418","FKBP1A"
"419","NSFL1C"
"420","ZNF343"
"421","MAVS"
"422","KIZ"
"423","DYNLL1"
"424","RBBP9"
"425","ANAPC5"
"426","TMEM230"
"427","TASP1"
"428","SIRT4"
"429","KIF16B"
"430","FUS"
"431","ZNF302"
"432","HEPH"
"433","MLF2"
"434","ZBTB25"
"435","RCOR1"
"436","SLC9A1"
"437","PCBP4"
"438","MRPS33"
"439","NDUFB2"
"440","IRAK3"
"441","TFAP4"
"442","SPG21"
"443","DNAJB11"
"444","P3H2"
"445","RAB11FIP3"
"446","GOLGA3"
"447","PABPC4"
"448","CERS4"
"449","PDPR"
"450","GLG1"
"451","PLEKHG2"
"452","DLL3"
"453","EXOC1"
"454","OSBPL8"
"455","DTX2"
"456","WDR7"
"457","SEL1L3"
"458","PSME1"
"459","OSGEP"
"460","G2E3"
"461","WDR76"
"462","RFFL"
"463","UNC13D"
"464","TGFB2"
"465","ADA2"
"466","DHPS"
"467","ARCN1"
"468","TMEM38B"
"469","PSMD5"
"470","CRAT"
"471","CWF19L1"
"472","BTAF1"
"473","IKZF5"
"474","CREM"
"475","NUBP2"
"476","EFHC1"
"477","DSP"
"478","SIRT1"
"479","ABL1"
"480","ACOT7"
"481","CDC7"
"482","ERMP1"
"483","RAB18"
"484","MACROH2A2"
"485","OCEL1"
"486","HSD3B7"
"487","SETD1A"
"488","ATP5F1D"
"489","IZUMO4"
"490","RASSF7"
"491","ARVCF"
"492","LZTR1"
"493","BCL2L13"
"494","DDT"
"495","SF3A1"
"496","CARD10"
"497","SLC25A1"
"498","HIRA"
"499","HPS4"
"500","PIK3IP1"
"501","SRRD"
"502","TRIOBP"
"503","ANKRD54"
"504","DDX17"
"505","HSCB"
"506","TOMM22"
"507","FBXO7"
"508","GTPBP1"
"509","POLDIP3"
"510","PPP6R2"
"511","SBF1"
"512","DNAL4"
"513","RHBDD3"
"514","TOM1"
"515","ARSA"
"516","ZMAT5"
"517","ASCC2"
"518","MIEF1"
"519","PNPLA3"
"520","MYH9"
"521","FOXRED2"
"522","IFT27"
"523","L3MBTL2"
"524","RANGAP1"
"525","PHF5A"
"526","PMM1"
"527","DESI1"
"528","HDAC10"
"529","KHNYN"
"530","SDR39U1"
"531","AP4S1"
"532","SOS2"
"533","CDKL1"
"534","NIN"
"535","PYGL"
"536","DDHD1"
"537","CDKN3"
"538","PIGH"
"539","TIMM9"
"540","TMED8"
"541","RIN3"
"542","GALNT16"
"543","HIF1A"
"544","TELO2"
"545","BDKRB1"
"546","ACIN1"
"547","CCNB1IP1"
"548","TRIP11"
"549","ARHGAP5"
"550","CINP"
"551","PCK2"
"552","GMPR2"
"553","NFATC4"
"554","PLTP"
"555","PROCR"
"556","NINL"
"557","NDRG3"
"558","PABPC1L"
"559","STK4"
"560","CSTF1"
"561","MTG2"
"562","TCFL5"
"563","EEF1A2"
"564","CDC25B"
"565","NDUFAF5"
"566","TRIB3"
"567","PLCB4"
"568","MYL9"
"569","TM9SF4"
"570","SAMHD1"
"571","IDH3B"
"572","JAG1"
"573","PXMP4"
"574","TNNC2"
"575","ACOT8"
"576","APMAP"
"577","ADNP2"
"578","RBFA"
"579","METTL4"
"580","MYL12A"
"581","CEP76"
"582","CEP192"
"583","POLI"
"584","MIB1"
"585","RBBP8"
"586","STS"
"587","TBL1X"
"588","PGRMC1"
"589","POLA1"
"590","NKAP"
"591","PRPS2"
"592","SUV39H1"
"593","SRPX"
"594","STAG2"
"595","ATP11C"
"596","PLS3"
"597","NAA10"
"598","ELF4"
"599","SLC25A14"
"600","SLC35A2"
"601","PQBP1"
"602","EMD"
"603","TAZ"
"604","SMS"
"605","UBL4A"
"606","KLHL4"
"607","RBM3"
"608","PBDC1"
"609","CAB39L"
"610","KLF5"
"611","UGGT2"
"612","PARP4"
"613","SUPT20H"
"614","MRPS31"
"615","KPNA3"
"616","DHRS12"
"617","ZNF629"
"618","TRADD"
"619","NUTF2"
"620","CENPT"
"621","PARD6A"
"622","ZNF821"
"623","USB1"
"624","CCDC113"
"625","SETD6"
"626","TANGO6"
"627","PLA2G15"
"628","CMC2"
"629","MLYCD"
"630","MPG"
"631","HSDL1"
"632","TAF1C"
"633","COTL1"
"634","CRISPLD2"
"635","MTHFSD"
"636","ANTKMT"
"637","SLC7A5"
"638","METRN"
"639","FBXO31"
"640","STUB1"
"641","NUBP1"
"642","EEF2K"
"643","HMOX2"
"644","RBL2"
"645","PYCARD"
"646","MAZ"
"647","BCKDK"
"648","AAGAB"
"649","LACTB"
"650","CORO2B"
"651","MYEF2"
"652","CSPP1"
"653","ZFAND1"
"654","INTS9"
"655","RIPK2"
"656","PLAT"
"657","GDAP1"
"658","EMC2"
"659","NDRG1"
"660","ZC2HC1A"
"661","TRPS1"
"662","SPAG1"
"663","CHRAC1"
"664","SNX16"
"665","UBR5"
"666","GSDMD"
"667","TSTA3"
"668","INTS10"
"669","ERI1"
"670","MTMR9"
"671","UBXN8"
"672","ERICH1"
"673","TUSC3"
"674","ARHGEF10"
"675","MCM4"
"676","ASAH1"
"677","NUCB1"
"678","DHDH"
"679","ECH1"
"680","HNRNPL"
"681","NFKBIB"
"682","PPP1R37"
"683","PIH1D1"
"684","PLEKHJ1"
"685","RNASEH2A"
"686","AMH"
"687","CCDC130"
"688","TLE5"
"689","MED25"
"690","SNAPC2"
"691","ASF1B"
"692","VRK3"
"693","AKAP8"
"694","FBL"
"695","NUMBL"
"696","EBI3"
"697","APLP1"
"698","CACTIN"
"699","BBC3"
"700","DMAC2"
"701","PLIN3"
"702","NOP53"
"703","ETFB"
"704","MEIS3"
"705","CARD8"
"706","LIG1"
"707","PLA2G4C"
"708","TMEM205"
"709","PLPPR2"
"710","PLEKHA4"
"711","PPP2R1A"
"712","TNPO2"
"713","DNASE2"
"714","TMEM59L"
"715","ZNF574"
"716","GRIK5"
"717","SIPA1L3"
"718","ETHE1"
"719","CFAP69"
"720","GTPBP10"
"721","CDK6"
"722","BET1"
"723","NAMPT"
"724","PTN"
"725","MPP6"
"726","OGDH"
"727","ADAP1"
"728","RNF32"
"729","DNAJB6"
"730","LFNG"
"731","BRAT1"
"732","FKBP14"
"733","NOD1"
"734","GARS1"
"735","MINDY4"
"736","CHCHD2"
"737","AIMP2"
"738","MOSPD3"
"739","SERPINE1"
"740","AP1S1"
"741","ZNHIT1"
"742","GLCCI1"
"743","PHF14"
"744","CEP41"
"745","RARRES2"
"746","AHR"
"747","GLI3"
"748","TMEM248"
"749","PRKAG2"
"750","POLD2"
"751","TBL2"
"752","SPATA6L"
"753","SLC1A1"
"754","FSD1L"
"755","SPIN1"
"756","MEGF9"
"757","TRIM14"
"758","TLE4"
"759","PTGR1"
"760","RLN2"
"761","TBC1D13"
"762","KANK1"
"763","ELAVL2"
"764","CREB3"
"765","MPDZ"
"766","BAG1"
"767","NPDC1"
"768","SETX"
"769","ABHD17B"
"770","EXOSC3"
"771","PDLIM1"
"772","PHYH"
"773","RAB11FIP2"
"774","CXCL12"
"775","MAPK8"
"776","ATE1"
"777","NSMCE4A"
"778","UNC5B"
"779","VSIR"
"780","PPP3CB"
"781","CCSER2"
"782","KAZALD1"
"783","NPM3"
"784","FBXL15"
"785","SUFU"
"786","LHPP"
"787","LARP4B"
"788","GTPBP4"
"789","EDRF1"
"790","SH3PXD2A"
"791","STN1"
"792","CCDC6"
"793","CUL2"
"794","CCNY"
"795","ZMIZ1"
"796","PPIF"
"797","PBLD"
"798","TSPAN14"
"799","NUFIP2"
"800","WNT3"
"801","RAD51C"
"802","TUBD1"
"803","KPNB1"
"804","PNPO"
"805","RECQL5"
"806","PIGL"
"807","GALK1"
"808","INTS2"
"809","ENO3"
"810","RNF167"
"811","CPD"
"812","GOSR1"
"813","SYNGR2"
"814","UTP6"
"815","CCL2"
"816","DHX58"
"817","MLX"
"818","VAT1"
"819","ABCC3"
"820","EFTUD2"
"821","EFNB3"
"822","FAM20A"
"823","DHRS7B"
"824","TNFAIP1"
"825","TMEM97"
"826","ALDOC"
"827","USP46"
"828","NFKB1"
"829","MANBA"
"830","ELF2"
"831","GRPEL1"
"832","FRG1"
"833","CLCN3"
"834","AADAT"
"835","GALNT7"
"836","DHX15"
"837","SOD3"
"838","TBC1D19"
"839","MFSD10"
"840","GLRB"
"841","BST1"
"842","UGDH"
"843","CTSC"
"844","ELP4"
"845","MTCH2"
"846","VWA5A"
"847","DNAJC4"
"848","SIAE"
"849","EHD1"
"850","PUS3"
"851","DCPS"
"852","FOXRED1"
"853","PPP6R3"
"854","CCND1"
"855","CHORDC1"
"856","PANX1"
"857","ARHGEF17"
"858","UBE4A"
"859","KIAA1549L"
"860","FBXO3"
"861","SLC15A3"
"862","PTPMT1"
"863","CARS1"
"864","PITPNM1"
"865","NUP98"
"866","EXPH5"
"867","HPS5"
"868","PSMD9"
"869","PRDM4"
"870","CORO1C"
"871","ASIC1"
"872","SLC11A2"
"873","MVK"
"874","BCL7A"
"875","LIN7A"
"876","GLI1"
"877","PPM1H"
"878","WNT5B"
"879","ARPC3"
"880","ACAD10"
"881","ALDH2"
"882","NAA25"
"883","ARHGDIB"
"884","GTF2H3"
"885","DDX55"
"886","SLC38A1"
"887","C12orf49"
"888","RFC5"
"889","STX2"
"890","CAND1"
"891","GAPDH"
"892","TPI1"
"893","ENO2"
"894","LPCAT3"
"895","NT5DC3"
"896","FGFR1OP2"
"897","COL12A1"
"898","PAK1IP1"
"899","MAN1A1"
"900","UST"
"901","MAPK14"
"902","MRPL18"
"903","FBXO9"
"904","CD83"
"905","CAP2"
"906","GPR63"
"907","MED23"
"908","GPLD1"
"909","ALDH5A1"
"910","B3GAT2"
"911","SNX3"
"912","TRIM38"
"913","ZBTB24"
"914","PERP"
"915","ADGRG6"
"916","CUTA"
"917","MDFI"
"918","TFEB"
"919","FAM120B"
"920","CUL9"
"921","DNPH1"
"922","DUSP22"
"923","GMDS"
"924","LAMA4"
"925","PCDHB2"
"926","CEP72"
"927","SEMA5A"
"928","BRD8"
"929","MRPS27"
"930","HBEGF"
"931","APBB3"
"932","TMCO6"
"933","IK"
"934","CERT1"
"935","FAF2"
"936","CLK4"
"937","THG1L"
"938","LNPEP"
"939","PDE4D"
"940","RAD1"
"941","RAD50"
"942","GNPDA1"
"943","NR3C1"
"944","PPWD1"
"945","LIFR"
"946","RARS1"
"947","ERGIC1"
"948","BNIP1"
"949","STC2"
"950","DBN1"
"951","ACTR8"
"952","TIMMDC1"
"953","NPHP3"
"954","FAM162A"
"955","OGG1"
"956","RNF7"
"957","TFDP2"
"958","PRKAR2A"
"959","USP4"
"960","TFG"
"961","TUSC2"
"962","C3orf14"
"963","GNB4"
"964","IQCG"
"965","NCBP2"
"966","SLC41A3"
"967","PLXNA1"
"968","PODXL2"
"969","KLHL18"
"970","SCAP"
"971","HEMK1"
"972","MAPKAPK3"
"973","COMMD2"
"974","ABHD14B"
"975","EIF1B"
"976","NEK4"
"977","ADAM23"
"978","DGUOK"
"979","MOB1A"
"980","KANSL3"
"981","LMAN2L"
"982","RTKN"
"983","PIKFYVE"
"984","FAHD2A"
"985","ACTR3"
"986","EPB41L5"
"987","SF3B6"
"988","TP53I3"
"989","NRBP1"
"990","FNDC4"
"991","SNX17"
"992","PCSK4"
"993","GCA"
"994","HTRA2"
"995","EVA1A"
"996","WDR75"
"997","FANCL"
"998","FN1"
"999","STAT1"
"1000","IGFBP2"
"1001","ELMOD3"
"1002","CCT4"
"1003","CHST10"
"1004","IL1R1"
"1005","MLPH"
"1006","STK16"
"1007","PPP1R7"
"1008","STK25"
"1009","BIRC6"
"1010","DCAF17"
"1011","SLC25A12"
"1012","RMDN2"
"1013","DARS1"
"1014","COX7A2L"
"1015","ORC4"
"1016","THADA"
"1017","TRAK2"
"1018","MSH6"
"1019","PLEKHA3"
"1020","SPR"
"1021","PARD3B"
"1022","DHCR24"
"1023","MARK1"
"1024","MORN1"
"1025","CEP104"
"1026","LRRC42"
"1027","MRPL37"
"1028","STXBP3"
"1029","ERRFI1"
"1030","WDR77"
"1031","HDAC1"
"1032","S100PBP"
"1033","SCAMP3"
"1034","SFPQ"
"1035","ARHGEF2"
"1036","LAMTOR2"
"1037","SWT1"
"1038","MFN2"
"1039","MIIP"
"1040","SMG7"
"1041","SLC35D1"
"1042","GADD45A"
"1043","RGS2"
"1044","CTH"
"1045","CD58"
"1046","TTF2"
"1047","TMEM9"
"1048","MRPS15"
"1049","GNPAT"
"1050","TSNAX"
"1051","AKT3"
"1052","ST6GALNAC5"
"1053","MFAP2"
"1054","KDM5B"
"1055","RGS4"
"1056","GBP1"
"1057","RAB29"
"1058","GALE"
"1059","APH1A"
"1060","P3H1"
"1061","SLC2A1"
"1062","BLZF1"
"1063","PRRC2C"
"1064","F3"
"1065","UTP25"
"1066","MAN1C1"
"1067","NSL1"
"1068","RCN2"
"1069","STAG1"
"1070","STK11"
"1071","DDX59"
"1072","ATF6"
"1073","MREG"
"1074","B4GALT6"
"1075","C1orf54"
"1076","ANKRD13C"
"1077","FBXO30"
"1078","AKAP7"
"1079","RNF146"
"1080","CCN2"
"1081","MED28"
"1082","MYL12B"
"1083","FOXO3"
"1084","ARMC2"
"1085","RAB3GAP2"
"1086","KLF12"
"1087","HS1BP3"
"1088","WDR35"
"1089","C1orf198"
"1090","CTNNAL1"
"1091","ABITRAM"
"1092","GLE1"
"1093","TRIM32"
"1094","HSDL2"
"1095","INVS"
"1096","C19orf25"
"1097","IFI27L2"
"1098","NEK9"
"1099","NPC2"
"1100","DNAL1"
"1101","IRF2BPL"
"1102","MLH3"
"1103","ALDH6A1"
"1104","TMEM214"
"1105","ATL2"
"1106","YPEL5"
"1107","BCL11A"
"1108","OGFRL1"
"1109","CUTC"
"1110","PYROXD2"
"1111","TCTN3"
"1112","AVPI1"
"1113","GOT1"
"1114","NUP43"
"1115","MTHFD1L"
"1116","CYSTM1"
"1117","SLC10A7"
"1118","NUDCD1"
"1119","MASTL"
"1120","KIAA1217"
"1121","CCDC77"
"1122","MTRF1"
"1123","DNAJC15"
"1124","PROSER1"
"1125","UFM1"
"1126","FAM53C"
"1127","KDM3B"
"1128","NR2C1"
"1129","GLT8D2"
"1130","MTERF2"
"1131","SOCS2"
"1132","WASHC3"
"1133","TNFRSF10B"
"1134","PDLIM2"
"1135","CRISPLD1"
"1136","TRIM25"
"1137","FAM117A"
"1138","TRIM6"
"1139","PYROXD1"
"1140","PSPC1"
"1141","A1BG"
"1142","ZNF211"
"1143","LHX4"
"1144","RNF2"
"1145","SEC22A"
"1146","PEX16"
"1147","PILRB"
"1148","TBC1D15"
"1149","ADGRB2"
"1150","POLR3GL"
"1151","PIK3CA"
"1152","CSMD2"
"1153","LRIF1"
"1154","CLCC1"
"1155","ZRANB3"
"1156","MTIF3"
"1157","RASL11A"
"1158","MTERF4"
"1159","ANXA11"
"1160","LDB3"
"1161","SHLD2"
"1162","TRMT13"
"1163","CCDC18"
"1164","SLC66A2"
"1165","EEPD1"
"1166","HERPUD2"
"1167","FAM126A"
"1168","INHBA"
"1169","FKBP9"
"1170","SLC25A51"
"1171","ACO1"
"1172","KIAA1549"
"1173","CALD1"
"1174","SRGN"
"1175","BICC1"
"1176","CISD1"
"1177","RBM19"
"1178","CIT"
"1179","IFT81"
"1180","HVCN1"
"1181","RNF11"
"1182","SSPN"
"1183","ITPR2"
"1184","WDR83"
"1185","GIPC1"
"1186","EBPL"
"1187","MMP19"
"1188","CDK2"
"1189","LRP1"
"1190","SMUG1"
"1191","EEF1AKMT3"
"1192","ATPAF1"
"1193","NDUFAF4"
"1194","RAB9A"
"1195","METTL8"
"1196","LPGAT1"
"1197","BATF3"
"1198","EXOSC9"
"1199","B9D2"
"1200","COQ8B"
"1201","MXD4"
"1202","DNPEP"
"1203","OBSL1"
"1204","SLC12A4"
"1205","ENKD1"
"1206","SNX21"
"1207","TTPAL"
"1208","NCOA5"
"1209","PMEPA1"
"1210","BCAS4"
"1211","NEURL2"
"1212","MTRR"
"1213","IQSEC2"
"1214","NAGK"
"1215","MCEE"
"1216","ATP8A1"
"1217","TRERF1"
"1218","BTN2A2"
"1219","SIRT5"
"1220","NQO2"
"1221","OARD1"
"1222","H2BC11"
"1223","MEA1"
"1224","CDKN1A"
"1225","LRRFIP1"
"1226","CNOT1"
"1227","LRRC29"
"1228","BBS2"
"1229","MT2A"
"1230","GOT2"
"1231","ABCC4"
"1232","HROB"
"1233","DMAC2L"
"1234","BMP4"
"1235","PTGER2"
"1236","SOX9"
"1237","GGA3"
"1238","ARMC7"
"1239","NUP85"
"1240","MBOAT7"
"1241","POLR1B"
"1242","SLC25A23"
"1243","GTF2F1"
"1244","CLPP"
"1245","ATG4C"
"1246","VASP"
"1247","PSMF1"
"1248","RBCK1"
"1249","TMX4"
"1250","NRSN2"
"1251","RRBP1"
"1252","BMP2"
"1253","MKKS"
"1254","DSTN"
"1255","MRPS26"
"1256","NECAB3"
"1257","PLAGL2"
"1258","MMP24OS"
"1259","HECTD3"
"1260","XRCC3"
"1261","TUBGCP3"
"1262","LRFN3"
"1263","PRDX5"
"1264","STAT5A"
"1265","AHDC1"
"1266","ATG14"
"1267","RHOJ"
"1268","ZBTB1"
"1269","SGPP1"
"1270","PLEKHG3"
"1271","FAM78A"
"1272","NUP214"
"1273","ZC4H2"
"1274","INTS11"
"1275","HIVEP3"
"1276","HELB"
"1277","RAB3IP"
"1278","FGFRL1"
"1279","PIN1"
"1280","EMC1"
"1281","WDR24"
"1282","GNG11"
"1283","SEM1"
"1284","HIP1"
"1285","POR"
"1286","STYXL1"
"1287","GNAI1"
"1288","ZFP36"
"1289","RASL11B"
"1290","ADM2"
"1291","ASPHD2"
"1292","GNAZ"
"1293","A4GALT"
"1294","CDC42EP1"
"1295","TPST2"
"1296","MPST"
"1297","TST"
"1298","LIF"
"1299","KRT17"
"1300","EMC4"
"1301","SPECC1"
"1302","LSM8"
"1303","PRKRIP1"
"1304","VGF"
"1305","PODXL"
"1306","LRRC17"
"1307","MYO1B"
"1308","MTX2"
"1309","OSGEPL1"
"1310","ORMDL1"
"1311","EIF2AK4"
"1312","ICE2"
"1313","IVD"
"1314","CHAC1"
"1315","CLN6"
"1316","ARPP19"
"1317","VPS13C"
"1318","LOXL1"
"1319","ANAPC13"
"1320","PALLD"
"1321","DCTD"
"1322","USP6"
"1323","TXNDC17"
"1324","PHF20L1"
"1325","KRI1"
"1326","MTUS1"
"1327","BCL2L2"
"1328","DTD2"
"1329","HEATR5A"
"1330","MIS18BP1"
"1331","CDO1"
"1332","REEP5"
"1333","RHBDF2"
"1334","TTI2"
"1335","CDKN1C"
"1336","PLPPR3"
"1337","GAMT"
"1338","ELOF1"
"1339","CDC16"
"1340","XPO7"
"1341","FAM98C"
"1342","BST2"
"1343","SLC27A1"
"1344","MRPL34"
"1345","MTRES1"
"1346","RSPH3"
"1347","AFDN"
"1348","ACTN4"
"1349","STK33"
"1350","ARPC1B"
"1351","PXDN"
"1352","GDF15"
"1353","JUND"
"1354","SULT4A1"
"1355","HELZ2"
"1356","SAMD10"
"1357","COL5A1"
"1358","CALY"
"1359","TAF4"
"1360","UBE2M"
"1361","YIPF2"
"1362","LRRC47"
"1363","SESN2"
"1364","MED18"
"1365","THEMIS2"
"1366","CLIP1"
"1367","SLC6A8"
"1368","ZNF331"
"1369","UBE4B"
"1370","SLC35D2"
"1371","AKAP12"
"1372","SYNE1"
"1373","EDA2R"
"1374","ZNF141"
"1375","COX4I1"
"1376","SH3BGRL"
"1377","PRR7"
"1378","NFATC1"
"1379","CAP1"
"1380","PPT1"
"1381","ABCB7"
"1382","HAUS8"
"1383","HACL1"
"1384","PDLIM4"
"1385","PPFIA1"
"1386","TRAF7"
"1387","NPHP4"
"1388","MAP1B"
"1389","IL13RA1"
"1390","ZCCHC9"
"1391","RARA"
"1392","CHD1L"
"1393","PEX11B"
"1394","PIAS3"
"1395","PDHA1"
"1396","ZNF304"
"1397","RHPN2"
"1398","C19orf12"
"1399","FAAP24"
"1400","ACTR10"
"1401","GCH1"
"1402","LGALS3"
"1403","PODNL1"
"1404","MATN3"
"1405","CCT6B"
"1406","ENOSF1"
"1407","PTCD3"
"1408","RAP1GAP2"
"1409","CLUH"
"1410","SERPINF1"
"1411","POPDC3"
"1412","WBP2"
"1413","TRIM47"
"1414","REEP2"
"1415","PCBD2"
"1416","MTSS2"
"1417","BTBD3"
"1418","POLR3F"
"1419","DAP3"
"1420","SYT11"
"1421","TOE1"
"1422","MUTYH"
"1423","ZSWIM3"
"1424","RBM38"
"1425","ZBED3"
"1426","CPLANE2"
"1427","DCTN4"
"1428","ZMYM5"
"1429","WASF3"
"1430","TMCC2"
"1431","POSTN"
"1432","RFC3"
"1433","MORC4"
"1434","BEX1"
"1435","SLC39A11"
"1436","EPHB2"
"1437","MED10"
"1438","GSTT2B"
"1439","SLC2A11"
"1440","ADCK2"
"1441","KRBA1"
"1442","C12orf29"
"1443","IPO8"
"1444","CCDC59"
"1445","MICAL2"
"1446","RRAS2"
"1447","HSD17B4"
"1448","DGLUCY"
"1449","MED6"
"1450","LOXL2"
"1451","CTIF"
"1452","IRAK2"
"1453","CAMK1"
"1454","VHL"
"1455","ARL8B"
"1456","GSTM3"
"1457","PTGFRN"
"1458","TRIM45"
"1459","TMEM106C"
"1460","IL6ST"
"1461","CDC73"
"1462","TIMM17A"
"1463","NARS1"
"1464","FBH1"
"1465","ANKRD16"
"1466","ECHDC3"
"1467","CCNH"
"1468","TMEM241"
"1469","KCTD1"
"1470","SOX5"
"1471","DDB2"
"1472","RAB33A"
"1473","SPOCD1"
"1474","YARS1"
"1475","DTNA"
"1476","FHOD3"
"1477","TPGS2"
"1478","CLOCK"
"1479","GGACT"
"1480","UBAC2"
"1481","ARHGAP32"
"1482","WDR36"
"1483","OSTF1"
"1484","CTSL"
"1485","PSAT1"
"1486","TAOK3"
"1487","FBXO21"
"1488","RNFT2"
"1489","P2RX4"
"1490","TRAFD1"
"1491","SRPK2"
"1492","MDFIC"
"1493","ANKRD6"
"1494","KHDC1"
"1495","CEP162"
"1496","SNX14"
"1497","NT5E"
"1498","NAT10"
"1499","PRRG4"
"1500","ATP5MC2"
"1501","AVIL"
"1502","GDF11"
"1503","PAN2"
"1504","ESPL1"
"1505","ZC3H10"
"1506","AHI1"
"1507","SMPD2"
"1508","PRADC1"
"1509","RAB11FIP5"
"1510","SMYD5"
"1511","DYSF"
"1512","KCNMB4"
"1513","KIAA0513"
"1514","FBXL8"
"1515","PCNX2"
"1516","KCNK1"
"1517","EGLN1"
"1518","COG2"
"1519","ABCB10"
"1520","TAF5L"
"1521","STX6"
"1522","RNASEL"
"1523","NIBAN1"
"1524","PIGC"
"1525","RC3H1"
"1526","TTLL4"
"1527","USP37"
"1528","ITM2C"
"1529","TMBIM1"
"1530","CAB39"
"1531","REV1"
"1532","TSGA10"
"1533","MFSD9"
"1534","MRPS9"
"1535","ISCU"
"1536","ALDH1L2"
"1537","SLC41A2"
"1538","FLNB"
"1539","NEK3"
"1540","RNASEH2B"
"1541","THSD1"
"1542","BORA"
"1543","LRCH1"
"1544","RCBTB1"
"1545","PHF11"
"1546","LMO7"
"1547","RCBTB2"
"1548","IGF2BP3"
"1549","RAC1"
"1550","NUP42"
"1551","ZDHHC4"
"1552","BZW2"
"1553","HUS1"
"1554","DBNL"
"1555","TTYH3"
"1556","TTC5"
"1557","ZFHX2"
"1558","ADAMTS7"
"1559","CALCOCO2"
"1560","TEX2"
"1561","TRA2B"
"1562","SCN2A"
"1563","GALNT5"
"1564","EPRS1"
"1565","VPS45"
"1566","SMPD4"
"1567","CCDC115"
"1568","IMP4"
"1569","UGGT1"
"1570","GYPC"
"1571","NIPSNAP3A"
"1572","CDK9"
"1573","TXN"
"1574","ODF2"
"1575","ECPAS"
"1576","TOR1A"
"1577","ANGPTL2"
"1578","SLC31A2"
"1579","SLC31A1"
"1580","FPGS"
"1581","USP20"
"1582","ATP6V1G1"
"1583","PSMB7"
"1584","TRMO"
"1585","XPA"
"1586","CTSV"
"1587","DMAC1"
"1588","TLN1"
"1589","DNAJB5"
"1590","GRHPR"
"1591","HINT2"
"1592","ARHGEF39"
"1593","PPIL1"
"1594","ZSCAN9"
"1595","PIM1"
"1596","GMPR"
"1597","CMTR1"
"1598","TFAP2A"
"1599","TMEM14B"
"1600","TMEM63B"
"1601","TUBB2A"
"1602","RNF144B"
"1603","TAF8"
"1604","MGARP"
"1605","FCHSD2"
"1606","ARRB1"
"1607","THAP12"
"1608","CCDC90B"
"1609","SYTL2"
"1610","PRCP"
"1611","NARS2"
"1612","GGH"
"1613","SULF1"
"1614","CFAP300"
"1615","YAP1"
"1616","SLC37A4"
"1617","PPP2R1B"
"1618","FDX1"
"1619","C11orf1"
"1620","SQOR"
"1621","THBS1"
"1622","MAPKBP1"
"1623","ITGA11"
"1624","HAUS2"
"1625","UACA"
"1626","TMEM62"
"1627","RSL24D1"
"1628","RABGGTB"
"1629","SELENOI"
"1630","KHK"
"1631","PPM1B"
"1632","DYNC2LI1"
"1633","THUMPD2"
"1634","CYP1B1"
"1635","ACTR2"
"1636","PREB"
"1637","SLC5A6"
"1638","ATRAID"
"1639","CENPO"
"1640","LRPPRC"
"1641","KIF11"
"1642","FAM149B1"
"1643","DNA2"
"1644","ATIC"
"1645","CARF"
"1646","METTL5"
"1647","ITGAV"
"1648","SLC49A4"
"1649","ARHGAP24"
"1650","FAM13A"
"1651","PCDH10"
"1652","SEC31A"
"1653","FGF2"
"1654","BBS7"
"1655","NUP54"
"1656","BMP2K"
"1657","SEPTIN11"
"1658","SCARB2"
"1659","CNOT6L"
"1660","USO1"
"1661","CDKL2"
"1662","SHROOM3"
"1663","PPA2"
"1664","CENPE"
"1665","GSTCD"
"1666","INTS12"
"1667","CASP6"
"1668","PAPSS1"
"1669","SLC39A8"
"1670","RGS3"
"1671","GUCD1"
"1672","YARS2"
"1673","ETFBKMT"
"1674","ZCRB1"
"1675","CLSTN3"
"1676","KLRG1"
"1677","TAPBPL"
"1678","PEX5"
"1679","LLPH"
"1680","GLIPR1"
"1681","TMEM19"
"1682","RITA1"
"1683","SDSL"
"1684","GLTP"
"1685","SLC46A3"
"1686","SLC7A1"
"1687","LNX2"
"1688","SMARCC2"
"1689","BRCA2"
"1690","CERS5"
"1691","CSAD"
"1692","ANKRD52"
"1693","ZNF740"
"1694","HNRNPA1L2"
"1695","RB1"
"1696","SETD1B"
"1697","VPS33A"
"1698","GRTP1"
"1699","CBLN3"
"1700","TMX1"
"1701","PELI2"
"1702","ARMH4"
"1703","SLC38A6"
"1704","RAB15"
"1705","WDR89"
"1706","PTGR2"
"1707","JDP2"
"1708","FBLN5"
"1709","CLBA1"
"1710","LYSMD2"
"1711","FGF7"
"1712","GTF2A2"
"1713","CDAN1"
"1714","ANP32A"
"1715","NEIL1"
"1716","TPM1"
"1717","PIF1"
"1718","SCAMP2"
"1719","POLG"
"1720","FANCI"
"1721","GLYR1"
"1722","PMM2"
"1723","PARN"
"1724","ARHGAP17"
"1725","DHX38"
"1726","TXNL4B"
"1727","ZFHX3"
"1728","CDH13"
"1729","RHOT2"
"1730","TCF25"
"1731","GAS8"
"1732","MED9"
"1733","GID4"
"1734","UTP4"
"1735","RANBP10"
"1736","GFOD2"
"1737","NOB1"
"1738","TOM1L1"
"1739","C17orf80"
"1740","NPEPPS"
"1741","SCRN2"
"1742","SSH2"
"1743","ARSG"
"1744","TAF4B"
"1745","IMPA2"
"1746","C18orf21"
"1747","OSBPL1A"
"1748","NPC1"
"1749","SAT2"
"1750","ASGR1"
"1751","SLC16A3"
"1752","EIF4A3"
"1753","CSNK1D"
"1754","NARF"
"1755","ELAC1"
"1756","PMAIP1"
"1757","NT5C3B"
"1758","ERBB2"
"1759","MIEN1"
"1760","IGFBP4"
"1761","TXNL4A"
"1762","SLC39A3"
"1763","NFIC"
"1764","PLPP2"
"1765","PFKL"
"1766","FEM1A"
"1767","MVB12A"
"1768","DUS3L"
"1769","CCDC97"
"1770","IFNAR1"
"1771","DOP1B"
"1772","URB1"
"1773","SAE1"
"1774","WTIP"
"1775","CAPN10"
"1776","MYO1F"
"1777","ERVK3-1"
"1778","CACNG8"
"1779","ZNF473"
"1780","FAM71E1"
"1781","RCN3"
"1782","ZNF614"
"1783","EPHA2"
"1784","EFHD2"
"1785","PEX14"
"1786","PGD"
"1787","SH3BGRL3"
"1788","MAP3K6"
"1789","GPN2"
"1790","NBPF3"
"1791","BCL10"
"1792","CCN1"
"1793","PIGK"
"1794","MOB3C"
"1795","PSMA5"
"1796","ITGA10"
"1797","GPR161"
"1798","ATP1B1"
"1799","TIPRL"
"1800","NME7"
"1801","POGK"
"1802","MPC2"
"1803","DCAF6"
"1804","UCK2"
"1805","TMCO1"
"1806","MGST3"
"1807","COP1"
"1808","UFC1"
"1809","RGS5"
"1810","SDHC"
"1811","PFDN2"
"1812","PRCC"
"1813","RRNAD1"
"1814","MRPL24"
"1815","PIGM"
"1816","ISG20L2"
"1817","CRABP2"
"1818","ABL2"
"1819","HMCN1"
"1820","RGL1"
"1821","LYPLAL1"
"1822","TUFT1"
"1823","SF3B4"
"1824","ADAMTSL4"
"1825","MCL1"
"1826","C1orf56"
"1827","OAZ3"
"1828","SMYD2"
"1829","ADAM15"
"1830","JTB"
"1831","TPM3"
"1832","SNAPIN"
"1833","HAX1"
"1834","C1orf43"
"1835","ILF2"
"1836","RIT1"
"1837","GALNT2"
"1838","TTC13"
"1839","SCCPDH"
"1840","CEP170"
"1841","SRP9"
"1842","SDE2"
"1843","FBXO28"
"1844","ARF1"
"1845","CNIH4"
"1846","GUK1"
"1847","CNIH3"
"1848","PSEN2"
"1849","EPHX1"
"1850","ETNK2"
"1851","ARL8A"
"1852","RHOB"
"1853","HNRNPLL"
"1854","CALM2"
"1855","VPS54"
"1856","ASXL2"
"1857","ETAA1"
"1858","MEIS1"
"1859","CIAO1"
"1860","NPHP1"
"1861","TMEM177"
"1862","FAHD2B"
"1863","AFF3"
"1864","POLR2D"
"1865","AMMECR1L"
"1866","SCRN3"
"1867","PHOSPHO2"
"1868","GULP1"
"1869","FAM171B"
"1870","KANSL1L"
"1871","SPAG16"
"1872","COPS7B"
"1873","CTDSP1"
"1874","OSBPL10"
"1875","SLC25A38"
"1876","GOLGA4"
"1877","IQSEC1"
"1878","NFKBIZ"
"1879","COL8A1"
"1880","NXPE3"
"1881","RABL3"
"1882","BOC"
"1883","DCAF1"
"1884","EAF2"
"1885","SLIT2"
"1886","DGKQ"
"1887","ATP10D"
"1888","OCIAD2"
"1889","SCD5"
"1890","TRMT10A"
"1891","TBCK"
"1892","CAMK2D"
"1893","CISD2"
"1894","ANK2"
"1895","METTL14"
"1896","CYP4V2"
"1897","SRD5A1"
"1898","MYO10"
"1899","OTULINL"
"1900","PLK2"
"1901","PIK3R1"
"1902","GIN1"
"1903","PPIP5K2"
"1904","PAM"
"1905","COMMD10"
"1906","ATG12"
"1907","FBXO38"
"1908","TBC1D7"
"1909","TRIM41"
"1910","MMUT"
"1911","ABT1"
"1912","DAAM2"
"1913","PRIM2"
"1914","ANO7"
"1915","TPBG"
"1916","FAXC"
"1917","PM20D2"
"1918","RARS2"
"1919","TBC1D32"
"1920","RNF217"
"1921","SLC18B1"
"1922","MTFR2"
"1923","AIG1"
"1924","DYNLT1"
"1925","C7orf50"
"1926","CREB5"
"1927","EGFR"
"1928","SSC4D"
"1929","POMZP3"
"1930","ZNF92"
"1931","MAP11"
"1932","TMEM209"
"1933","AGBL3"
"1934","SH3KBP1"
"1935","CASK"
"1936","SPIN2A"
"1937","HDAC8"
"1938","ZNF182"
"1939","KRBOX4"
"1940","EBP"
"1941","SNX12"
"1942","ZNF711"
"1943","DIAPH2"
"1944","DOCK11"
"1945","IGSF1"
"1946","FBXO25"
"1947","NSDHL"
"1948","ZNF185"
"1949","CCDC25"
"1950","PLPP5"
"1951","GINS4"
"1952","LACTB2"
"1953","TERF1"
"1954","MTDH"
"1955","LRP12"
"1956","EBAG9"
"1957","NAPRT"
"1958","CDKN2B"
"1959","CDKN2A"
"1960","SHC3"
"1961","AUH"
"1962","SNX30"
"1963","GSN"
"1964","MRRF"
"1965","SURF4"
"1966","GBGT1"
"1967","SURF1"
"1968","SURF6"
"1969","MED22"
"1970","PTGES2"
"1971","MIGA2"
"1972","PAXX"
"1973","USP6NL"
"1974","MSRB2"
"1975","MINDY3"
"1976","ZEB1"
"1977","NRBF2"
"1978","CAMK2G"
"1979","GLUD1"
"1980","FUOM"
"1981","PAOX"
"1982","TAF5"
"1983","RGS10"
"1984","BTBD10"
"1985","GAS2"
"1986","LRRC4C"
"1987","IMMP1L"
"1988","HSD17B12"
"1989","APIP"
"1990","PAMR1"
"1991","SLC43A1"
"1992","C11orf49"
"1993","CCDC82"
"1994","KLHL35"
"1995","TENM4"
"1996","SERPINH1"
"1997","ZC3H12C"
"1998","TTC12"
"1999","NPAT"
"2000","ATM"
"2001","AASDHPPT"
"2002","SLX4IP"
"2003","ADAM33"
"2004","KAT14"
"2005","TKFC"
"2006","MTA2"
"2007","TMEM138"
"2008","ROM1"
"2009","B3GAT3"
"2010","EI24"
"2011","FEZ1"
"2012","TMEM25"
"2013","TAGLN"
"2014","LTO1"
"2015","TRPT1"
"2016","ALDOA"
"2017","HIRIP3"
"2018","MPP7"
"2019","ITGB1"
"2020","TMEM218"
"2021","TIRAP"
"2022","EEF1AKMT1"
"2023","LATS2"
"2024","HNMT"
"2025","VEGFC"
"2026","PRSS23"
"2027","PPP1R1C"
"2028","NKAPD1"
"2029","TIMM8B"
"2030","PTS"
"2031","PIP4K2A"
"2032","RILPL2"
"2033","DHX37"
"2034","ITPR1"
"2035","SLC7A11"
"2036","NOCT"
"2037","NGLY1"
"2038","OXSM"
"2039","UEVLD"
"2040","BTBD11"
"2041","UBE3B"
"2042","IPMK"
"2043","DIP2C"
"2044","FAM177A1"
"2045","MBIP"
"2046","FRMD4A"
"2047","ACAD8"
"2048","VTI1A"
"2049","QDPR"
"2050","TEX9"
"2051","QTRT2"
"2052","ZNF827"
"2053","DPYSL4"
"2054","PIGF"
"2055","MFSD6"
"2056","FLI1"
"2057","SLC25A4"
"2058","AMN1"
"2059","BICD1"
"2060","SAV1"
"2061","CCDC122"
"2062","SERP2"
"2063","GUF1"
"2064","SACS"
"2065","FBXO4"
"2066","TMEM267"
"2067","DST"
"2068","BEND6"
"2069","AP1S3"
"2070","PTPN14"
"2071","GEMIN6"
"2072","PSTPIP2"
"2073","ATP5F1A"
"2074","SPOCK1"
"2075","FAM151B"
"2076","CWF19L2"
"2077","HOMER1"
"2078","DCLRE1C"
"2079","ZSCAN1"
"2080","CCDC50"
"2081","PFKM"
"2082","SPEF2"
"2083","GPD1L"
"2084","GJA1"
"2085","GGPS1"
"2086","ZNF117"
"2087","RAD17"
"2088","MED21"
"2089","ANAPC1"
"2090","SCOC"
"2091","MERTK"
"2092","ASAP1"
"2093","INO80C"
"2094","NMRAL1"
"2095","ADPRHL1"
"2096","UBP1"
"2097","RMND5A"
"2098","CFDP1"
"2099","C7orf31"
"2100","JAZF1"
"2101","PID1"
"2102","KCTD15"
"2103","ZNF599"
"2104","DDAH1"
"2105","DGKE"
"2106","IMPACT"
"2107","ANKRD29"
"2108","TBCEL"
"2109","ANKH"
"2110","CC2D1B"
"2111","ABCA5"
"2112","UCHL1"
"2113","NEIL2"
"2114","ENAH"
"2115","SH3RF1"
"2116","PDLIM3"
"2117","SORBS2"
"2118","JAM2"
"2119","GABPA"
"2120","ADAMTS1"
"2121","DPH3"
"2122","MPPE1"
"2123","EME1"
"2124","VOPP1"
"2125","DKK2"
"2126","PIP4P2"
"2127","TRMT44"
"2128","HSPA13"
"2129","GRAMD2B"
"2130","RHOC"
"2131","PPM1J"
"2132","OXA1L"
"2133","NUP205"
"2134","C9orf85"
"2135","KDM8"
"2136","TMEM237"
"2137","FZD7"
"2138","LSM11"
"2139","MED7"
"2140","PXYLP1"
"2141","TMBIM4"
"2142","RAB39B"
"2143","CARNMT1"
"2144","GNAQ"
"2145","MMP16"
"2146","ADK"
"2147","DCK"
"2148","NDUFAF6"
"2149","DRAM2"
"2150","C8orf37"
"2151","WHAMM"
"2152","N6AMT1"
"2153","RWDD2B"
"2154","MAP3K7CL"
"2155","TIAM1"
"2156","SCAF4"
"2157","PCGF6"
"2158","PCDH1"
"2159","UBE2L6"
"2160","ATAD2"
"2161","PRR14"
"2162","VPS8"
"2163","GALK2"
"2164","NTAN1"
"2165","NMNAT2"
"2166","TMEM171"
"2167","NRG1"
"2168","PAXIP1"
"2169","SSBP3"
"2170","CLDN12"
"2171","FCSK"
"2172","DYRK1A"
"2173","ETS2"
"2174","TMEM164"
"2175","C2CD2"
"2176","UBN2"
"2177","WDR19"
"2178","PRXL2B"
"2179","C12orf43"
"2180","PEX10"
"2181","RER1"
"2182","SKI"
"2183","WDR66"
"2184","UBXN11"
"2185","PTPDC1"
"2186","NCK1"
"2187","RHPN1"
"2188","TPRG1L"
"2189","PRXL2C"
"2190","XKR8"
"2191","CNNM4"
"2192","MRAS"
"2193","FAIM"
"2194","TENT5B"
"2195","COLEC12"
"2196","SHROOM4"
"2197","TSPAN33"
"2198","ZFAND2B"
"2199","COPG2"
"2200","GPAT4"
"2201","TAGLN2"
"2202","DUSP23"
"2203","USF1"
"2204","NIT1"
"2205","DEDD"
"2206","B4GALT3"
"2207","CCAR2"
"2208","FBXW5"
"2209","PAXBP1"
"2210","IFNAR2"
"2211","MRPL10"
"2212","RCAN1"
"2213","CIART"
"2214","HLCS"
"2215","ARHGAP27"
"2216","ADIPOR1"
"2217","CYB5R1"
"2218","PSMD4"
"2219","PSMB4"
"2220","HK2"
"2221","C1R"
"2222","ALDH4A1"
"2223","THEM4"
"2224","MED8"
"2225","TMEM69"
"2226","EFCAB14"
"2227","CHCHD6"
"2228","FAM131B"
"2229","ZYX"
"2230","CCDC117"
"2231","ZNF222"
"2232","CCDC28B"
"2233","BSDC1"
"2234","ATAD3B"
"2235","UBE2J2"
"2236","ZNF362"
"2237","FNDC5"
"2238","KALRN"
"2239","CILP2"
"2240","PDE9A"
"2241","WDR4"
"2242","NDUFV3"
"2243","PKNOX1"
"2244","PDXK"
"2245","CSTB"
"2246","TRAPPC10"
"2247","CFAP410"
"2248","LRRC3"
"2249","SPATC1L"
"2250","LSS"
"2251","VAV2"
"2252","DIP2A"
"2253","PRMT2"
"2254","ADAMTS13"
"2255","CACFD1"
"2256","ZNF761"
"2257","RDH13"
"2258","ZDHHC12"
"2259","PKN3"
"2260","SPTBN4"
"2261","BRSK1"
"2262","TAOK1"
"2263","SIK3"
"2264","TLCD1"
"2265","SAFB"
"2266","CHTOP"
"2267","FLAD1"
"2268","SHC1"
"2269","ADAR"
"2270","UBE2Q1"
"2271","RUSC1"
"2272","NBEAL2"
"2273","GPATCH4"
"2274","VPS28"
"2275","TONSL"
"2276","ORAI2"
"2277","ALKBH4"
"2278","MRNIP"
"2279","MGAT4B"
"2280","MFSD12"
"2281","FBXO27"
"2282","ZNF382"
"2283","PGAP3"
"2284","SAP30BP"
"2285","PRPSAP1"
"2286","CYGB"
"2287","MPP3"
"2288","EMC10"
"2289","JOSD2"
"2290","GRASP"
"2291","SPC24"
"2292","SENP3"
"2293","WDR90"
"2294","MEIOB"
"2295","ZNF75A"
"2296","ADCY9"
"2297","CYB561A3"
"2298","SYVN1"
"2299","TPCN2"
"2300","COA7"
"2301","ZYG11B"
"2302","MAGOH"
"2303","PARS2"
"2304","USP24"
"2305","PLPP3"
"2306","AK4"
"2307","FBLIM1"
"2308","AKR7A3"
"2309","DHRS3"
"2310","SYNC"
"2311","ALPL"
"2312","MXRA8"
"2313","FAAP20"
"2314","MEGF6"
"2315","NFIA"
"2316","MYSM1"
"2317","NEXN"
"2318","DNAJB4"
"2319","ATXN7L2"
"2320","KCNT2"
"2321","ARPC5"
"2322","TRIM58"
"2323","IGSF8"
"2324","PEA15"
"2325","VANGL2"
"2326","FCRLB"
"2327","C1orf74"
"2328","RBM15"
"2329","IER5"
"2330","TFB2M"
"2331","CNST"
"2332","PKDCC"
"2333","B3GALNT2"
"2334","MAPKAPK2"
"2335","CAPN2"
"2336","MRPL55"
"2337","REL"
"2338","PEX13"
"2339","MEMO1"
"2340","TYW5"
"2341","MAIP1"
"2342","DUSP19"
"2343","NUP35"
"2344","FBXO41"
"2345","ACTG2"
"2346","WDCP"
"2347","VSNL1"
"2348","H3-3A"
"2349","SGCB"
"2350","SPATA18"
"2351","SCNM1"
"2352","ERCC3"
"2353","IWS1"
"2354","S100A11"
"2355","DHX57"
"2356","DCAF16"
"2357","GNPDA2"
"2358","PAQR3"
"2359","NIPAL1"
"2360","ANTXR2"
"2361","HELQ"
"2362","DAPL1"
"2363","PMVK"
"2364","CLDN1"
"2365","COL6A3"
"2366","SLC22A15"
"2367","ATP1A1"
"2368","EIF4E3"
"2369","FSTL1"
"2370","TMEM183A"
"2371","IGFBP7"
"2372","TRIM46"
"2373","ARPC2"
"2374","CCT3"
"2375","TMEM79"
"2376","CIP2A"
"2377","AZI2"
"2378","HDAC11"
"2379","FBLN2"
"2380","GLB1L"
"2381","SGO2"
"2382","SUCLG1"
"2383","CCDC191"
"2384","PTPN13"
"2385","PRICKLE2"
"2386","ADAMTS9"
"2387","PPM1K"
"2388","HESX1"
"2389","ABHD6"
"2390","APBB2"
"2391","IL17RE"
"2392","PCOLCE2"
"2393","TTC14"
"2394","TOPBP1"
"2395","KIAA1143"
"2396","LZTFL1"
"2397","FYCO1"
"2398","LRRC2"
"2399","ELP6"
"2400","NMNAT3"
"2401","SMIM12"
"2402","TPRA1"
"2403","DNALI1"
"2404","KLF15"
"2405","SENP2"
"2406","SLBP"
"2407","C1orf50"
"2408","ERMAP"
"2409","ZNF691"
"2410","AIMP1"
"2411","DNAJB14"
"2412","BDH2"
"2413","INTU"
"2414","HSPA4L"
"2415","ABHD18"
"2416","MON1A"
"2417","PPM1M"
"2418","WDR82"
"2419","PRSS12"
"2420","HMGB2"
"2421","ANXA5"
"2422","FBXO8"
"2423","CEP44"
"2424","TMEM144"
"2425","GASK1B"
"2426","LSM6"
"2427","MOCS2"
"2428","EDIL3"
"2429","TMEM161B"
"2430","STARD4"
"2431","CCDC112"
"2432","CMBL"
"2433","F2RL1"
"2434","AGGF1"
"2435","ARSK"
"2436","SERINC5"
"2437","PRIMPOL"
"2438","RICTOR"
"2439","NSA2"
"2440","SHROOM1"
"2441","DCBLD1"
"2442","STXBP5"
"2443","STK17A"
"2444","SAP30L"
"2445","MYOZ3"
"2446","CAMLG"
"2447","BMPER"
"2448","ZNF12"
"2449","SLC29A4"
"2450","USP49"
"2451","SYTL3"
"2452","FABP5"
"2453","DLC1"
"2454","ADCY1"
"2455","C8orf48"
"2456","RAD21"
"2457","MED30"
"2458","PHKG1"
"2459","MICALL2"
"2460","CDK5"
"2461","FMC1"
"2462","ALDH7A1"
"2463","YWHAZ"
"2464","INTS8"
"2465","VIRMA"
"2466","WASHC5"
"2467","NFIL3"
"2468","METTL2B"
"2469","C8orf34"
"2470","SVEP1"
"2471","PGAP4"
"2472","MID1IP1"
"2473","CARD19"
"2474","ATP7A"
"2475","NOL6"
"2476","PIGO"
"2477","ARHGAP12"
"2478","HECTD2"
"2479","ZCCHC24"
"2480","MICU2"
"2481","DDIAS"
"2482","PCF11"
"2483","DEPP1"
"2484","ZNF22"
"2485","KLHDC2"
"2486","NEMF"
"2487","NUDT5"
"2488","QSOX2"
"2489","FAM204A"
"2490","PRDX3"
"2491","PMPCA"
"2492","ENTR1"
"2493","SPACA9"
"2494","HPRT1"
"2495","DIPK1B"
"2496","ZMYND19"
"2497","JCAD"
"2498","METTL17"
"2499","ARHGEF40"
"2500","CCDC186"
"2501","TRUB1"
"2502","FRAT1"
"2503","UBTD1"
"2504","ARHGAP42"
"2505","IFI27L1"
"2506","HACD1"
"2507","JAM3"
"2508","RAB8B"
"2509","IKBIP"
"2510","NDUFB8"
"2511","ZFYVE19"
"2512","SPINT1"
"2513","CKB"
"2514","DPCD"
"2515","SENP8"
"2516","NOLC1"
"2517","PCBD1"
"2518","CLMP"
"2519","FAM227B"
"2520","CYYR1"
"2521","BORCS7"
"2522","NUDT13"
"2523","DCHS1"
"2524","ATP9B"
"2525","SERPINB8"
"2526","ZMAT1"
"2527","XRRA1"
"2528","DENND2B"
"2529","PRTG"
"2530","CENPN"
"2531","AKIP1"
"2532","MFAP4"
"2533","HDGFL3"
"2534","NDST2"
"2535","MCM7"
"2536","TK2"
"2537","CENPV"
"2538","ZCCHC18"
"2539","B2M"
"2540","CASC4"
"2541","NNMT"
"2542","SLFN5"
"2543","BMERB1"
"2544","SAAL1"
"2545","CIAO2A"
"2546","PEX11A"
"2547","C18orf54"
"2548","TERF2IP"
"2549","CLPX"
"2550","NEMP1"
"2551","VPS39"
"2552","STX3"
"2553","MRPL16"
"2554","SCG5"
"2555","GREM1"
"2556","TSC22D4"
"2557","MAP1A"
"2558","RCCD1"
"2559","MARS1"
"2560","NUDT21"
"2561","DUSP18"
"2562","PBX3"
"2563","SAMD14"
"2564","PIP5KL1"
"2565","CERCAM"
"2566","ENDOG"
"2567","C15orf39"
"2568","COQ7"
"2569","GPRC5B"
"2570","FBXO22"
"2571","POP5"
"2572","ACAA2"
"2573","ZNF180"
"2574","PPP2R3B"
"2575","ZNF646"
"2576","MIDN"
"2577","ANKRD11"
"2578","SPATA33"
"2579","RSKR"
"2580","CACNB3"
"2581","TUBA1C"
"2582","ZNF610"
"2583","ZNF528"
"2584","ZNF701"
"2585","ZNF283"
"2586","DAPK3"
"2587","UBXN6"
"2588","GLOD4"
"2589","SLC43A2"
"2590","RILP"
"2591","WDR81"
"2592","SRR"
"2593","TSR1"
"2594","HSD11B1L"
"2595","CYB5D2"
"2596","ZNF83"
"2597","OTUB1"
"2598","CDK2AP2"
"2599","NUDT8"
"2600","PRDX2"
"2601","ZNF232"
"2602","MIS12"
"2603","ATP5PD"
"2604","TMEM88"
"2605","SRP68"
"2606","TK1"
"2607","GHDC"
"2608","FAM234A"
"2609","MLST8"
"2610","E4F1"
"2611","ECI1"
"2612","SDHAF2"
"2613","VWCE"
"2614","BEST1"
"2615","SLC3A2"
"2616","SPINDOC"
"2617","C2CD3"
"2618","ANKS3"
"2619","NUDT16L1"
"2620","KIAA1586"
"2621","RAB4A"
"2622","VASN"
"2623","RNF187"
"2624","ZCCHC4"
"2625","UBTD2"
"2626","NKIRAS2"
"2627","IRF2BP2"
"2628","COA6"
"2629","KIF5C"
"2630","MMADHC"
"2631","PDHB"
"2632","IRF2"
"2633","FILIP1L"
"2634","DTYMK"
"2635","MLKL"
"2636","RFWD3"
"2637","REEP4"
"2638","SLC20A2"
"2639","STAT3"
"2640","ZSWIM1"
"2641","ADAM9"
"2642","ZNF30"
"2643","LRATD2"
"2644","DNAJC21"
"2645","SEMA4C"
"2646","GSTM4"
"2647","TCTN2"
"2648","ABHD15"
"2649","DDX19A"
"2650","ANKRD49"
"2651","ENHO"
"2652","SLC35G2"
"2653","MFF"
"2654","PXDC1"
"2655","E2F6"
"2656","COMMD8"
"2657","IRS1"
"2658","ROR2"
"2659","AR"
"2660","HSPBAP1"
"2661","SLC25A6"
"2662","CHST14"
"2663","ZNF354A"
"2664","CPT1C"
"2665","MN1"
"2666","NSMCE1"
"2667","RAB3B"
"2668","RGS14"
"2669","THBS3"
"2670","SLC50A1"
"2671","GPRIN1"
"2672","MRPL1"
"2673","PGM2"
"2674","CRADD"
"2675","SIN3A"
"2676","ARL13B"
"2677","SCN9A"
"2678","TM2D2"
"2679","DTWD2"
"2680","CLIC3"
"2681","INO80E"
"2682","NFU1"
"2683","CKAP2L"
"2684","HIC2"
"2685","HEXD"
"2686","CHRNA5"
"2687","AGPAT2"
"2688","ASPSCR1"
"2689","RFNG"
"2690","LIMS1"
"2691","TAPT1"
"2692","AVEN"
"2693","TRIM56"
"2694","TPST1"
"2695","TMEM42"
"2696","PUSL1"
"2697","YWHAG"
"2698","CNTROB"
"2699","SIMC1"
"2700","SIK2"
"2701","CCDC144A"
"2702","NANP"
"2703","ADPRM"
"2704","PWWP2A"
"2705","PDCD6IP"
"2706","ZNF212"
"2707","ZNF282"
"2708","GON7"
"2709","FAXDC2"
"2710","NFRKB"
"2711","TMED10"
"2712","SMAD1"
"2713","SEMA3E"
"2714","TMEM182"
"2715","ADORA2B"
"2716","MGMT"
"2717","DENND5B"
"2718","PYM1"
"2719","NUDT9"
"2720","ELOVL6"
"2721","PFKFB3"
"2722","SERPINB9"
"2723","CDH2"
"2724","IRX2"
"2725","EMB"
"2726","STAT2"
"2727","ATF7"
"2728","SOCS6"
"2729","PPM1D"
"2730","GPR27"
"2731","AC093323.1"
"2732","TRIAP1"
"2733","MTSS1"
"2734","TMEM43"
"2735","CYTL1"
"2736","NUDT6"
"2737","FEZ2"
"2738","MTM1"
"2739","TRMT61B"
"2740","NRTN"
"2741","JAGN1"
"2742","TADA3"
"2743","C9orf16"
"2744","ZNF692"
"2745","TMEM126A"
"2746","JUNB"
"2747","FAM241B"
"2748","PGAM1"
"2749","ASXL1"
"2750","ZNF561"
"2751","WIPF2"
"2752","PPID"
"2753","ETFDH"
"2754","LPAR3"
"2755","MAP6"
"2756","BCL2L1"
"2757","ZNF584"
"2758","CXXC5"
"2759","ENC1"
"2760","PLEKHG5"
"2761","RGS19"
"2762","HDAC3"
"2763","GPHN"
"2764","TMEM51"
"2765","RHNO1"
"2766","CTPS1"
"2767","RRM2"
"2768","TRAPPC12"
"2769","PTEN"
"2770","RNASEH1"
"2771","TLN2"
"2772","ZNF217"
"2773","PPIH"
"2774","RAB33B"
"2775","USP19"
"2776","MTBP"
"2777","TEFM"
"2778","CEBPB"
"2779","NEGR1"
"2780","CERS6"
"2781","SUCLG2"
"2782","MCRIP2"
"2783","PRSS27"
"2784","FGGY"
"2785","AFF1"
"2786","SMPDL3A"
"2787","ZFAND4"
"2788","ZNF738"
"2789","TMEM217"
"2790","CFL1"
"2791","NAA16"
"2792","DCP2"
"2793","CES2"
"2794","METAP1D"
"2795","EGFL7"
"2796","NADSYN1"
"2797","NBEA"
"2798","RNASEH2C"
"2799","ANKRD13D"
"2800","PHF8"
"2801","SH3RF3"
"2802","DCAKD"
"2803","GRK2"
"2804","RELA"
"2805","EVC2"
"2806","ESRRA"
"2807","MTX1"
"2808","PARP14"
"2809","MFSD4B"
"2810","VANGL1"
"2811","IQCB1"
"2812","GPR137"
"2813","SNCG"
"2814","ZBTB21"
"2815","TRIB1"
"2816","ARV1"
"2817","THAP2"
"2818","PPP1R14B"
"2819","SMARCC1"
"2820","VEGFB"
"2821","CCDC106"
"2822","LRFN4"
"2823","SLC19A1"
"2824","UQCRH"
"2825","PSMD1"
"2826","STAT5B"
"2827","RNF213"
"2828","PLK3"
"2829","PHC3"
"2830","CBX2"
"2831","GOLIM4"
"2832","RBM4B"
"2833","HOXB2"
"2834","C1QTNF1"
"2835","MARCHF3"
"2836","SWSAP1"
"2837","XXYLT1"
"2838","UBXN2A"
"2839","CEP19"
"2840","KLHL15"
"2841","GNG5"
"2842","CTSF"
"2843","C16orf91"
"2844","FAM174A"
"2845","FAM53A"
"2846","PIGG"
"2847","PRPF8"
"2848","ADCY6"
"2849","PITPNA"
"2850","EXO1"
"2851","RALGAPA1"
"2852","PELI3"
"2853","MRPL11"
"2854","IL20RB"
"2855","AKIRIN1"
"2856","MSL2"
"2857","ZNF497"
"2858","IQCK"
"2859","SLC29A2"
"2860","RESF1"
"2861","FGFBP3"
"2862","FAM241A"
"2863","HRAS"
"2864","SRP72"
"2865","CEP135"
"2866","CNIH2"
"2867","RSRC1"
"2868","FBXW8"
"2869","KLC2"
"2870","CHST2"
"2871","PACS1"
"2872","SH3BP5L"
"2873","PSMD2"
"2874","FAM131A"
"2875","CTDSP2"
"2876","GOLGA8A"
"2877","TP53I11"
"2878","PHYKPL"
"2879","ZNF519"
"2880","LSM1"
"2881","PTPN2"
"2882","SCUBE2"
"2883","CCDC14"
"2884","PPP2R2D"
"2885","DRAP1"
"2886","UCP2"
"2887","C11orf68"
"2888","RAB6A"
"2889","FOSL1"
"2890","ERCC4"
"2891","SUGCT"
"2892","CCDC85B"
"2893","RMI2"
"2894","B3GNTL1"
"2895","SLC35E3"
"2896","BAIAP2"
"2897","ORAI3"
"2898","UNC119B"
"2899","DENND2C"
"2900","NUPR1"
"2901","SLC35A4"
"2902","SSNA1"
"2903","SPHK1"
"2904","MYPOP"
"2905","ZNF404"
"2906","RTTN"
"2907","ANAPC2"
"2908","ZBTB8OS"
"2909","COX8A"
"2910","ZSCAN2"
"2911","RNPEP"
"2912","DMRTA1"
"2913","SPRYD4"
"2914","VPS37D"
"2915","WDR25"
"2916","PLAAT3"
"2917","KBTBD11"
"2918","B3GNT5"
"2919","FOXC2"
"2920","BDNF"
"2921","CCDC121"
"2922","RUFY1"
"2923","VSIG10"
"2924","WSB2"
"2925","SOX11"
"2926","PNMA1"
"2927","THAP4"
"2928","FAM89B"
"2929","MTHFR"
"2930","DEAF1"
"2931","SIX5"
"2932","ZDHHC13"
"2933","SLC38A9"
"2934","EPS8L2"
"2935","TALDO1"
"2936","B3GNT8"
"2937","PAWR"
"2938","ERICH5"
"2939","ZBTB33"
"2940","SLC25A22"
"2941","RABEP2"
"2942","JUN"
"2943","GBA"
"2944","THAP5"
"2945","CRACR2B"
"2946","SUMO4"
"2947","CD151"
"2948","NECTIN3"
"2949","ZNF518A"
"2950","SVBP"
"2951","ZBTB41"
"2952","ZNF354C"
"2953","DPY19L2"
"2954","LRRC75B"
"2955","BOLA1"
"2956","PDE4DIP"
"2957","DDX10"
"2958","DALRD3"
"2959","ZNF518B"
"2960","LCORL"
"2961","PARD6G"
"2962","POGLUT3"
"2963","PLEC"
"2964","ZNF543"
"2965","WDR6"
"2966","NT5DC1"
"2967","GLDC"
"2968","COX14"
"2969","P4HTM"
"2970","KLHL11"
"2971","CTXN1"
"2972","SLC25A20"
"2973","EPM2AIP1"
"2974","CTNNBIP1"
"2975","GTPBP6"
"2976","CSRNP3"
"2977","ZNF713"
"2978","FAM219B"
"2979","CPNE7"
"2980","MPI"
"2981","EXOSC4"
"2982","DPY19L3"
"2983","PFAS"
"2984","SELENOW"
"2985","MRFAP1L1"
"2986","C3orf38"
"2987","RRS1"
"2988","TRIML2"
"2989","RCC2"
"2990","PER1"
"2991","TMTC2"
"2992","FARSA"
"2993","EDC3"
"2994","ZNF664"
"2995","GADD45GIP1"
"2996","ARID3B"
"2997","VWA1"
"2998","ZBTB18"
"2999","C14orf28"
"3000","LBX2"
"3001","CDC42EP4"
"3002","LACC1"
"3003","ZNF154"
"3004","R3HDM2"
"3005","ZNF784"
"3006","SSC5D"
"3007","DCTPP1"
"3008","TSHZ1"
"3009","ZADH2"
"3010","SEPTIN1"
"3011","TRNAU1AP"
"3012","LYNX1"
"3013","MED14"
"3014","TDRP"
"3015","TIGD2"
"3016","MTURN"
"3017","ZNF609"
"3018","CCDC66"
"3019","MIGA1"
"3020","SKIDA1"
"3021","MB21D2"
"3022","GPR157"
"3023","SLC36A4"
"3024","GREM2"
"3025","D2HGDH"
"3026","OXTR"
"3027","ST20"
"3028","PITPNB"
"3029","BBS12"
"3030","ZFP82"
"3031","LSMEM1"
"3032","NQO1"
"3033","MAPK15"
"3034","F2R"
"3035","DHTKD1"
"3036","POLR2A"
"3037","TLCD5"
"3038","FRAT2"
"3039","TMEM102"
"3040","LRRC75A"
"3041","WASHC1"
"3042","AATK"
"3043","RNF135"
"3044","SGSH"
"3045","PHLDA2"
"3046","YIPF6"
"3047","SIAH2"
"3048","LSM10"
"3049","RELL1"
"3050","SLC35C1"
"3051","RNF41"
"3052","CLDN7"
"3053","ZNF101"
"3054","COA4"
"3055","PRKAG1"
"3056","RTKN2"
"3057","GET1"
"3058","DEXI"
"3059","NOP10"
"3060","TDRKH"
"3061","IST1"
"3062","TSEN54"
"3063","MRPS16"
"3064","RAD51B"
"3065","LDOC1"
"3066","ARL6IP4"
"3067","SHMT2"
"3068","HHIPL1"
"3069","ATP6AP2"
"3070","CYB5D1"
"3071","BACE2"
"3072","B4GALNT4"
"3073","C1S"
"3074","YBEY"
"3075","CLN8"
"3076","PLCXD1"
"3077","NXPH4"
"3078","CACNB4"
"3079","EXOC7"
"3080","FES"
"3081","FAM104B"
"3082","MXRA7"
"3083","ADI1"
"3084","ACTL10"
"3085","TSPAN10"
"3086","NTM"
"3087","TSKU"
"3088","ANXA2"
"3089","PAPPA"
"3090","CRIP2"
"3091","DDX28"
"3092","ACBD3"
"3093","VMO1"
"3094","ALG12"
"3095","ZNF721"
"3096","C11orf54"
"3097","CEP63"
"3098","SPATA13"
"3099","CADM1"
"3100","SLC25A21"
"3101","AFMID"
"3102","GAS6"
"3103","FANCF"
"3104","SMDT1"
"3105","NPIPA1"
"3106","SF3A3"
"3107","ASB7"
"3108","EP400"
"3109","MEX3B"
"3110","UTP11"
"3111","SFXN4"
"3112","GPR1"
"3113","ALYREF"
"3114","RFLNB"
"3115","TRIM52"
"3116","CBX6"
"3117","TBL3"
"3118","NUDT14"
"3119","KIRREL1"
"3120","TTC32"
"3121","KMT5A"
"3122","SMTN"
"3123","COA3"
"3124","NPB"
"3125","ST6GALNAC3"
"3126","VPS33B"
"3127","FAM120C"
"3128","ADRA2C"
"3129","UBE2F"
"3130","SNRNP35"
"3131","H2AC20"
"3132","TSSC4"
"3133","ACTRT3"
"3134","SS18L1"
"3135","PTP4A3"
"3136","HDDC3"
"3137","DUSP8"
"3138","SOCS3"
"3139","XPOT"
"3140","STING1"
"3141","SNN"
"3142","MED12"
"3143","ZNF93"
"3144","ATL3"
"3145","SMIM10"
"3146","TMED9"
"3147","ARMCX2"
"3148","IMMP2L"
"3149","USP18"
"3150","TMEM121"
"3151","SIVA1"
"3152","AP3M1"
"3153","BRF1"
"3154","SEMA4B"
"3155","NELFA"
"3156","ADSS1"
"3157","FAM43A"
"3158","DDX51"
"3159","SIGIRR"
"3160","PRMT3"
"3161","PRPF39"
"3162","PPIL6"
"3163","CDNF"
"3164","GAS2L1"
"3165","ATP6V0A2"
"3166","MAPK11"
"3167","MRPL30"
"3168","METTL7A"
"3169","ROR1"
"3170","IRF7"
"3171","BRCC3"
"3172","SPATA45"
"3173","PRKG1"
"3174","TLCD2"
"3175","AHNAK2"
"3176","PCGF3"
"3177","NDUFA4L2"
"3178","UBE2L3"
"3179","ANKFY1"
"3180","MORF4L1"
"3181","DMWD"
"3182","SLC52A2"
"3183","PCYT2"
"3184","BCAP31"
"3185","DNAH14"
"3186","TRIM69"
"3187","KLHDC8B"
"3188","ZNF529"
"3189","ZNF284"
"3190","C15orf41"
"3191","GSAP"
"3192","ANKRD46"
"3193","POLR3C"
"3194","POLR1D"
"3195","BLOC1S4"
"3196","ZNF749"
"3197","ZNF17"
"3198","TOR3A"
"3199","GABRA5"
"3200","PRELID2"
"3201","BACE1"
"3202","THBS2"
"3203","NUDT17"
"3204","ZNF75D"
"3205","KRT10"
"3206","NAP1L2"
"3207","BTN3A2"
"3208","PCLO"
"3209","INSIG1"
"3210","C5orf38"
"3211","CEACAM19"
"3212","NF2"
"3213","HPDL"
"3214","PRR5"
"3215","ZFP91"
"3216","CYP27C1"
"3217","SPIN2B"
"3218","HYAL3"
"3219","ZSCAN30"
"3220","TRABD2A"
"3221","POFUT2"
"3222","ERCC6L"
"3223","TMEM17"
"3224","ZNF395"
"3225","PPARA"
"3226","TMEM216"
"3227","SHTN1"
"3228","AL162231.1"
"3229","SESTD1"
"3230","FNBP1"
"3231","DYNC2H1"
"3232","RSBN1L"
"3233","WDR86"
"3234","EPOR"
"3235","MAGI2"
"3236","C11orf96"
"3237","HSPA14"
"3238","IFT140"
"3239","EXD3"
"3240","VMAC"
"3241","B3GLCT"
"3242","SPRY4"
"3243","TRPV2"
"3244","TCEA1"
"3245","SEMA4D"
"3246","ZFP69B"
"3247","ZFP69"
"3248","TMEM220"
"3249","CYHR1"
"3250","COL14A1"
"3251","S100A3"
"3252","RILPL1"
"3253","NRN1L"
"3254","AGRN"
"3255","ZNF626"
"3256","LAMTOR4"
"3257","PRKAR1B"
"3258","COMMD6"
"3259","ZNF383"
"3260","HES4"
"3261","PLSCR1"
"3262","H2AX"
"3263","C19orf54"
"3264","COL25A1"
"3265","DUSP28"
"3266","CCDC9B"
"3267","CLN3"
"3268","ASAH2"
"3269","IGFL3"
"3270","RTL6"
"3271","S100A16"
"3272","UROS"
"3273","FAM221A"
"3274","TMEM120B"
"3275","SPRED3"
"3276","TMEM201"
"3277","FBF1"
"3278","FAM120AOS"
"3279","ALKBH2"
"3280","RNFT1"
"3281","SF3B3"
"3282","PLAC9"
"3283","ZNF573"
"3284","BTBD8"
"3285","C15orf61"
"3286","ZKSCAN3"
"3287","LIN54"
"3288","KAZN"
"3289","SLC35E2B"
"3290","NEMP2"
"3291","C8orf76"
"3292","BLOC1S2"
"3293","CCDC189"
"3294","SPATS2L"
"3295","ZNF79"
"3296","S100A4"
"3297","ZNF681"
"3298","ACADSB"
"3299","ZNF107"
"3300","ZNF471"
"3301","ZNF836"
"3302","IARS1"
"3303","POM121"
"3304","CD55"
"3305","LONP1"
"3306","TRRAP"
"3307","NUDT11"
"3308","ASB13"
"3309","ZNF140"
"3310","INCA1"
"3311","ZNF774"
"3312","EPHB4"
"3313","ZNF765"
"3314","ZNF124"
"3315","NPIPB15"
"3316","PIK3R4"
"3317","MYL6B"
"3318","SULT1A1"
"3319","TCEAL3"
"3320","SLC6A9"
"3321","AFAP1"
"3322","BORCS6"
"3323","ZNF846"
"3324","TRAPPC4"
"3325","ERI2"
"3326","TOMM7"
"3327","AMZ2"
"3328","S100A2"
"3329","MVB12B"
"3330","ADA"
"3331","CBWD3"
"3332","NOP9"
"3333","CASP4"
"3334","FUT11"
"3335","LAGE3"
"3336","WDR45"
"3337","ZNF398"
"3338","ZSCAN26"
"3339","ARRDC1"
"3340","SRC"
"3341","PCNX3"
"3342","LRRC8B"
"3343","SND1"
"3344","NOL4L"
"3345","SLC22A4"
"3346","H4C11"
"3347","C6orf141"
"3348","GTF2E2"
"3349","SYNGAP1"
"3350","FITM2"
"3351","ZNF655"
"3352","MRPL21"
"3353","UAP1L1"
"3354","ZNF517"
"3355","ZNF675"
"3356","HTT"
"3357","VEPH1"
"3358","STMN3"
"3359","COL13A1"
"3360","MIB2"
"3361","SIPA1L1"
"3362","TTC30A"
"3363","RAB40C"
"3364","PIGN"
"3365","HHLA3"
"3366","ENTPD6"
"3367","CPLANE1"
"3368","ZNF841"
"3369","MFAP5"
"3370","EOLA1"
"3371","CDC42SE1"
"3372","NMB"
"3373","FAM114A1"
"3374","MCMBP"
"3375","ZNF81"
"3376","ATAD3A"
"3377","SLC9A8"
"3378","OCLN"
"3379","H4-16"
"3380","INKA2"
"3381","ZNF44"
"3382","GPAA1"
"3383","MYO1C"
"3384","MEIG1"
"3385","ZNF677"
"3386","PLCG2"
"3387","ZNF71"
"3388","MPZL1"
"3389","MBP"
"3390","NOL8"
"3391","MRPL42"
"3392","ZNF667"
"3393","GRK6"
"3394","PRIM1"
"3395","MARCHF5"
"3396","HIBCH"
"3397","ZNF544"
"3398","SOWAHC"
"3399","MAN1A2"
"3400","SVIP"
"3401","ZNF251"
"3402","ZNF334"
"3403","HSD17B11"
"3404","SZT2"
"3405","FKBP1C"
"3406","SLC29A3"
"3407","TMEM116"
"3408","ZNF813"
"3409","PIM3"
"3410","SPRED2"
"3411","TCAF1"
"3412","ZNF480"
"3413","ZNF587"
"3414","SH3BGRL2"
"3415","ATL1"
"3416","ZNF43"
"3417","ZNF789"
"3418","NCOA6"
"3419","TAFA2"
"3420","TUSC1"
"3421","PAPSS2"
"3422","CEP290"
"3423","ECI2"
"3424","UNC13B"
"3425","LDB1"
"3426","CNOT7"
"3427","ALPK2"
"3428","LRIG2"
"3429","PNP"
"3430","GK"
"3431","CHAMP1"
"3432","INPP5F"
"3433","ARHGAP11A"
"3434","ZNF277"
"3435","CES1"
"3436","RUSC2"
"3437","FICD"
"3438","OSTC"
"3439","LTN1"
"3440","GRK5"
"3441","DCAF12"
"3442","SHISA4"
"3443","CAPZA2"
"3444","SREBF2"
"3445","C1orf174"
"3446","SPOUT1"
"3447","APRT"
"3448","MAGEE1"
"3449","CCDC167"
"3450","DMD"
"3451","MFAP3L"
"3452","TGM2"
"3453","ARMCX6"
"3454","SGMS1"
"3455","EFCAB2"
"3456","COX20"
"3457","TATDN3"
"3458","C1orf53"
"3459","FAM229B"
"3460","FANK1"
"3461","EEF1AKMT2"
"3462","C6orf163"
"3463","GDI1"
"3464","PCMTD2"
"3465","TRAF3IP1"
"3466","ZDHHC18"
"3467","DAXX"
"3468","TCEA3"
"3469","HSD17B8"
"3470","OXLD1"
"3471","BRD2"
"3472","PSMB8"
"3473","PBX2"
"3474","AGER"
"3475","DXO"
"3476","SKIV2L"
"3477","LAYN"
"3478","HSPA1B"
"3479","HSPA1A"
"3480","VARS1"
"3481","LY6G5C"
"3482","BAG6"
"3483","PRRC2A"
"3484","ZNF814"
"3485","ZNF551"
"3486","HLA-C"
"3487","CCHCR1"
"3488","C6orf136"
"3489","PRR3"
"3490","TBC1D8"
"3491","RANBP17"
"3492","MROH6"
"3493","ATXN2"
"3494","FAM216A"
"3495","MZT1"
"3496","TRIQK"
"3497","PSENEN"
"3498","PSMB10"
"3499","E2F4"
"3500","MUC12"
"3501","INSYN1"
"3502","ATP6AP1L"
"3503","CDPF1"
"3504","ETFRF1"
"3505","CRYZL1"
"3506","TMEM191C"
"3507","ATP10A"
"3508","RAB12"
"3509","HLA-A"
"3510","ZCWPW2"
"3511","METTL6"
"3512","RNF208"
"3513","ZNF611"
"3514","SYT3"
"3515","DENND1B"
"3516","SFT2D2"
"3517","TRIM59"
"3518","MLLT11"
"3519","SUPT4H1"
"3520","ARHGAP19"
"3521","HAUS7"
"3522","LCAT"
"3523","GPC2"
"3524","SIPA1"
"3525","ARL2"
"3526","RBMXL1"
"3527","SRA1"
"3528","DNAJC9"
"3529","C8orf82"
"3530","NCKIPSD"
"3531","FAM209B"
"3532","DDAH2"
"3533","GTF2H4"
"3534","ZNF888"
"3535","ZNF845"
"3536","EMP2"
"3537","PPM1N"
"3538","SLC23A3"
"3539","LTB4R"
"3540","ITGA1"
"3541","ZNF726"
"3542","ZNF90"
"3543","GANC"
"3544","SMIM7"
"3545","FBXO16"
"3546","ARL16"
"3547","ALG3"
"3548","C17orf67"
"3549","FIS1"
"3550","ANG"
"3551","MBLAC1"
"3552","HAUS3"
"3553","HNRNPUL2"
"3554","PHB2"
"3555","FASTKD5"
"3556","GOLGA8B"
"3557","DDX3X"
"3558","VPS16"
"3559","MYL5"
"3560","TNFRSF25"
"3561","CKLF"
"3562","ZNF579"
"3563","FAM228B"
"3564","VAMP2"
"3565","FANCG"
"3566","AP4M1"
"3567","CEBPD"
"3568","ZNF816-ZNF321P"
"3569","ZBED8"
"3570","NPTXR"
"3571","C19orf73"
"3572","APOL6"
"3573","FADS3"
"3574","UBA52"
"3575","PPT2"
"3576","FAM185A"
"3577","EXOSC6"
"3578","CERS1"
"3579","ADM5"
"3580","NDUFAF8"
"3581","PLEKHM1"
"3582","MCRIP1"
"3583","SLC26A6"
"3584","ERCC6"
"3585","PIGBOS1"
"3586","TEX22"
"3587","ZNF717"
"3588","SCAMP4"
"3589","FAM174C"
"3590","C2orf92"
"3591","FNDC10"
"3592","ZNF688"
"3593","YY2"
"3594","PRH1"
"3595","SMIM26"
"3596","AJM1"
"3597","PET117"
"3598","UQCRHL"
"3599","ZNF879"
"3600","JRK"
"3601","C12orf75"
"3602","SMIM1"
"3603","PPP1R3E"
"3604","ZNF853"
"3605","C10orf143"
"3606","KIFC1"
"3607","TMEM250"
"3608","CASTOR3"
"3609","NME1"
"3610","TNFSF12"
"3611","APOBEC3G"
"3612","WBP1"
"3613","PSMB9"
"3614","COX19"
"3615","PPIL3"
"3616","ISY1"
"3617","MIF"
"3618","CD302"
"3619","AC244197.3"
"3620","ARPC1A"
"3621","PLEKHO2"
"3622","PI4KA"
"3623","ARPIN"
"3624","STON1"
"3625","STMP1"
"3626","EFNA4"
"3627","PLA2G4B"
"3628","NPIPB5"
"3629","TMEM141"
"3630","ETV5"
"3631","RBM12"
"3632","SCARF2"
"3633","PTCHD4"
"3634","CRYBB2"
"3635","ZNF585B"
"3636","H2AJ"
"3637","PGAM5"
"3638","INSL3"
"3639","ABHD14A"
"3640","HAUS5"
"3641","ATP5MGL"
"3642","NAIP"
"3643","ZNF324B"
"3644","ZNF564"
"3645","GPR162"
"3646","ATP6V1E2"
"3647","ZNF674"
"3648","TMED7-TICAM2"
"3649","SHANK3"
"3650","FOXD1"
"3651","C8orf88"
"3652","CCDC71L"
"3653","TMEM200B"
"3654","TRNP1"
"3655","NACA2"
"3656","CLDN23"
"3657","PINX1"
"3658","AL360181.3"
"3659","MEX3A"
"3660","EEF1G"
"3661","BORCS8"
"3662","BRK1"
"3663","EBLN2"
"3664","FDXACB1"
"3665","MTRNR2L8"
"3666","CTSO"
"3667","DNAAF4"
"3668","ZNF432"
"3669","ZNF350"
"3670","ZNF253"
"3671","C17orf100"
"3672","GATC"
"3673","ZNF625"
"3674","INAFM1"
"3675","MAP1LC3B2"
"3676","CHURC1"
"3677","TUBB3"
"3678","ZHX1-C8orf76"
"3679","THTPA"
"3680","RBM15B"
"3681","C16orf95"
"3682","C15orf65"
"3683","AC233723.1"
"3684","SPON1"
"3685","DYNLL2"
"3686","RBM8A"
"3687","SEC22B"
"3688","AC015813.2"
"3689","NBPF15"
"3690","PTGES3L"
"3691","AC005702.1"
"3692","FDX2"
"3693","FBXO17"
"3694","MAGIX"
"3695","SLC25A53"
"3696","NCBP2AS2"
"3697","LIX1L"
"3698","GTF2H5"
"3699","ZNHIT3"
"3700","NOL12"
"3701","CASTOR2"
"3702","PANO1"
"3703","FCGBP"
"3704","TUBGCP5"
"3705","DUSP14"
"3706","TADA2A"
"3707","H4C5"
"3708","NEFL"
"3709","AL109811.3"
"3710","DHRS11"
"3711","TSTD3"
"3712","IQCJ-SCHIP1"
"3713","HSPA14.1"
"3714","AC015802.6"
"3715","EEF1AKMT4"
"3716","TBCE"
"3717","AL049629.2"
"3718","BX255925.3"
"3719","ZNF883"
"3720","AC010422.8"
"3721","AC087721.2"
"3722","AC008770.4"
"3723","AL445524.2"
"3724","C8orf44"
